Steps,Policy/Entropy,Environment/Episode Length,Policy/Extrinsic Value Estimate,Environment/Cumulative Reward,Policy/Extrinsic Reward,Is Training
12000,1.4189384,196.2295081967213,-0.08145187,-1.4694899956385294,-1.4694899956385294,1.0
24000,1.4183319,209.44827586206895,-0.15307458,-1.529441400848586,-1.529441400848586,1.0
36000,1.4185307,218.14545454545456,-0.24084443,-1.3946254816922274,-1.3946254816922274,1.0
