{"count":1,"gauges":{"My Behavior.CumulativeReward":{"count":1320,"max":2.47000027,"min":-10.4601974,"value":-7.770149,"weightedAverage":-6.72757149}},"self":80.8701888,"total":602.4303886,"children":{"AgentSendState":{"count":23301,"self":4.0541876,"total":410.21318019999995,"children":{"CollectObservations":{"count":466100,"self":401.256064,"total":401.2560626,"children":null},"AgentInfo.ToProto":{"count":466100,"self":2.3315216,"total":4.9029301,"children":{"GenerateSensorData":{"count":466100,"self":2.5714086,"total":2.5714086,"children":null}}}}},"DecideAction":{"count":23301,"self":110.3526912,"total":110.352685,"children":null},"AgentAct":{"count":23301,"self":0.9813217,"total":0.9813217,"children":null},"AgentInfo.ToProto":{"count":1320,"self":0.008008,"total":0.0120123,"children":{"GenerateSensorData":{"count":1320,"self":0.0040043,"total":0.0040043,"children":null}}}}}