{
  "name": "root",
  "gauges": [
    {
      "name": "My Behavior.mean_reward",
      "value": 0.24429999260464683,
      "min": -0.3452745178216776,
      "max": 0.7388999887858517,
      "count": 15
    }
  ],
  "total": 203.4760958,
  "count": 1,
  "self": 12.107644700000066,
  "children": [
    {
      "name": "TrainerController.advance",
      "total": 191.36845109999993,
      "count": 15903,
      "self": 0.17430529999913347,
      "children": [
        {
          "name": "env_step",
          "total": 170.96825329999936,
          "count": 15903,
          "self": 162.06418919999786,
          "children": [
            {
              "name": "SubprocessEnvManager._take_step",
              "total": 8.75524020000119,
              "count": 15903,
              "self": 0.5112354999998256,
              "children": [
                {
                  "name": "PPOPolicy.evaluate",
                  "total": 8.244004700001364,
                  "count": 15903,
                  "self": 8.244004700001364
                }
              ]
            },
            {
              "name": "workers",
              "total": 0.14882390000030732,
              "count": 15902,
              "self": 0.0,
              "children": [
                {
                  "name": "worker_root",
                  "total": 202.54617679999987,
                  "count": 15902,
                  "is_parallel": true,
                  "self": 51.366801199999884,
                  "children": [
                    {
                      "name": "batched_step_result_from_proto",
                      "total": 0.00026279999999978543,
                      "count": 1,
                      "is_parallel": true,
                      "self": 7.139999999949964e-05,
                      "children": [
                        {
                          "name": "_process_vector_observation",
                          "total": 0.00019140000000028579,
                          "count": 1,
                          "is_parallel": true,
                          "self": 0.00019140000000028579
                        }
                      ]
                    },
                    {
                      "name": "UnityEnvironment.step",
                      "total": 151.17911279999998,
                      "count": 15902,
                      "is_parallel": true,
                      "self": 1.1937467000011281,
                      "children": [
                        {
                          "name": "UnityEnvironment._generate_step_input",
                          "total": 1.396454699999543,
                          "count": 15902,
                          "is_parallel": true,
                          "self": 1.396454699999543
                        },
                        {
                          "name": "communicator.exchange",
                          "total": 145.81819349999947,
                          "count": 15902,
                          "is_parallel": true,
                          "self": 145.81819349999947
                        },
                        {
                          "name": "batched_step_result_from_proto",
                          "total": 2.7707178999998643,
                          "count": 15902,
                          "is_parallel": true,
                          "self": 0.7491490999992294,
                          "children": [
                            {
                              "name": "_process_vector_observation",
                              "total": 2.021568800000635,
                              "count": 15902,
                              "is_parallel": true,
                              "self": 2.021568800000635
                            }
                          ]
                        }
                      ]
                    }
                  ]
                }
              ]
            }
          ]
        },
        {
          "name": "trainer_advance",
          "total": 20.225892500001425,
          "count": 15902,
          "self": 0.5544797000021333,
          "children": [
            {
              "name": "process_trajectory",
              "total": 7.381063299999333,
              "count": 15902,
              "self": 7.381063299999333
            },
            {
              "name": "_update_policy",
              "total": 12.290349499999959,
              "count": 14,
              "self": 9.521719800000053,
              "children": [
                {
                  "name": "PPOPolicy.update",
                  "total": 2.768629699999906,
                  "count": 420,
                  "self": 2.768629699999906
                }
              ]
            }
          ]
        }
      ]
    }
  ]
}