{
  "name": "root",
  "gauges": [
    {
      "name": "My Behavior.mean_reward",
      "value": -0.3592228943219756,
      "min": -0.9574550027289661,
      "max": -0.27380769487385953,
      "count": 18
    }
  ],
  "total": 193.13351880000002,
  "count": 1,
  "self": 7.999966700000556,
  "children": [
    {
      "name": "TrainerController.advance",
      "total": 185.13355209999946,
      "count": 5026,
      "self": 0.05653089999904637,
      "children": [
        {
          "name": "env_step",
          "total": 161.38441730000002,
          "count": 5026,
          "self": 158.31832060000056,
          "children": [
            {
              "name": "SubprocessEnvManager._take_step",
              "total": 3.0171011999999955,
              "count": 5026,
              "self": 0.2274255999995365,
              "children": [
                {
                  "name": "PPOPolicy.evaluate",
                  "total": 2.789675600000459,
                  "count": 5026,
                  "self": 2.789675600000459
                }
              ]
            },
            {
              "name": "workers",
              "total": 0.048995499999461956,
              "count": 5025,
              "self": 0.0,
              "children": [
                {
                  "name": "worker_root",
                  "total": 192.35289739999942,
                  "count": 5025,
                  "is_parallel": true,
                  "self": 39.16658119999926,
                  "children": [
                    {
                      "name": "batched_step_result_from_proto",
                      "total": 0.0005188000000000415,
                      "count": 1,
                      "is_parallel": true,
                      "self": 0.00010709999999924946,
                      "children": [
                        {
                          "name": "_process_vector_observation",
                          "total": 0.000411700000000792,
                          "count": 1,
                          "is_parallel": true,
                          "self": 0.000411700000000792
                        }
                      ]
                    },
                    {
                      "name": "UnityEnvironment.step",
                      "total": 153.18579740000015,
                      "count": 5025,
                      "is_parallel": true,
                      "self": 0.7849615000001791,
                      "children": [
                        {
                          "name": "UnityEnvironment._generate_step_input",
                          "total": 1.3347780000006129,
                          "count": 5025,
                          "is_parallel": true,
                          "self": 1.3347780000006129
                        },
                        {
                          "name": "communicator.exchange",
                          "total": 148.85093159999926,
                          "count": 5025,
                          "is_parallel": true,
                          "self": 148.85093159999926
                        },
                        {
                          "name": "batched_step_result_from_proto",
                          "total": 2.215126300000091,
                          "count": 5025,
                          "is_parallel": true,
                          "self": 0.44848229999986167,
                          "children": [
                            {
                              "name": "_process_vector_observation",
                              "total": 1.7666440000002295,
                              "count": 5025,
                              "is_parallel": true,
                              "self": 1.7666440000002295
                            }
                          ]
                        }
                      ]
                    }
                  ]
                }
              ]
            }
          ]
        },
        {
          "name": "trainer_advance",
          "total": 23.692603900000393,
          "count": 5025,
          "self": 0.1751039000010408,
          "children": [
            {
              "name": "process_trajectory",
              "total": 8.271532699999318,
              "count": 5025,
              "self": 8.271532699999318
            },
            {
              "name": "_update_policy",
              "total": 15.245967300000032,
              "count": 17,
              "self": 11.922404499999825,
              "children": [
                {
                  "name": "PPOPolicy.update",
                  "total": 3.3235628000002073,
                  "count": 513,
                  "self": 3.3235628000002073
                }
              ]
            }
          ]
        }
      ]
    }
  ]
}