{
  "name": "root",
  "total": 2.7387007,
  "count": 1,
  "self": 2.7387007
}