{
  "name": "root",
  "gauges": [
    {
      "name": "My Behavior.mean_reward",
      "value": -2.3065557601059683,
      "min": -2.3065557601059683,
      "max": -1.3663334932255868,
      "count": 4
    }
  ],
  "total": 138.4900539,
  "count": 1,
  "self": 6.526111100000207,
  "children": [
    {
      "name": "TrainerController.advance",
      "total": 131.96394279999978,
      "count": 5244,
      "self": 0.06470640000057415,
      "children": [
        {
          "name": "env_step",
          "total": 110.4030823999991,
          "count": 5244,
          "self": 106.83281899999928,
          "children": [
            {
              "name": "SubprocessEnvManager._take_step",
              "total": 3.511038299999676,
              "count": 5244,
              "self": 0.23814099999975458,
              "children": [
                {
                  "name": "PPOPolicy.evaluate",
                  "total": 3.2728972999999213,
                  "count": 5244,
                  "self": 3.2728972999999213
                }
              ]
            },
            {
              "name": "workers",
              "total": 0.05922510000014736,
              "count": 5243,
              "self": 0.0,
              "children": [
                {
                  "name": "worker_root",
                  "total": 137.59104929999964,
                  "count": 5243,
                  "is_parallel": true,
                  "self": 36.24799209999958,
                  "children": [
                    {
                      "name": "batched_step_result_from_proto",
                      "total": 0.0008072999999999553,
                      "count": 1,
                      "is_parallel": true,
                      "self": 0.00011789999999933798,
                      "children": [
                        {
                          "name": "_process_vector_observation",
                          "total": 0.0006894000000006173,
                          "count": 1,
                          "is_parallel": true,
                          "self": 0.0006894000000006173
                        }
                      ]
                    },
                    {
                      "name": "UnityEnvironment.step",
                      "total": 101.34224990000006,
                      "count": 5243,
                      "is_parallel": true,
                      "self": 1.052940799999945,
                      "children": [
                        {
                          "name": "UnityEnvironment._generate_step_input",
                          "total": 1.2159675999996642,
                          "count": 5243,
                          "is_parallel": true,
                          "self": 1.2159675999996642
                        },
                        {
                          "name": "communicator.exchange",
                          "total": 95.45644420000035,
                          "count": 5243,
                          "is_parallel": true,
                          "self": 95.45644420000035
                        },
                        {
                          "name": "batched_step_result_from_proto",
                          "total": 3.616897300000101,
                          "count": 5243,
                          "is_parallel": true,
                          "self": 0.459604499999946,
                          "children": [
                            {
                              "name": "_process_vector_observation",
                              "total": 3.157292800000155,
                              "count": 5243,
                              "is_parallel": true,
                              "self": 3.157292800000155
                            }
                          ]
                        }
                      ]
                    }
                  ]
                }
              ]
            }
          ]
        },
        {
          "name": "trainer_advance",
          "total": 21.496154000000107,
          "count": 5243,
          "self": 0.22140570000001603,
          "children": [
            {
              "name": "process_trajectory",
              "total": 7.112671100000111,
              "count": 5243,
              "self": 7.112671100000111
            },
            {
              "name": "_update_policy",
              "total": 14.162077199999981,
              "count": 14,
              "self": 10.814799899999787,
              "children": [
                {
                  "name": "PPOPolicy.update",
                  "total": 3.3472773000001936,
                  "count": 447,
                  "self": 3.3472773000001936
                }
              ]
            }
          ]
        }
      ]
    }
  ]
}