{
  "name": "root",
  "total": 23.3097283,
  "count": 1,
  "self": 23.3097283
}