{"count":1,"gauges":{"My Behavior.CumulativeReward":{"count":22,"max":19.79489,"min":16.2903271,"value":17.7949963,"weightedAverage":17.5548725}},"self":61.736543999999995,"total":86.7341276,"children":{"AgentSendState":{"count":4328,"self":0.7198627,"total":3.4738202,"children":{"CollectObservations":{"count":47608,"self":2.7539575999999997,"total":2.7539575,"children":null}}},"DecideAction":{"count":4328,"self":21.4486848,"total":21.4486854,"children":null},"AgentAct":{"count":4328,"self":0.075081,"total":0.075081,"children":null}}}