{"count":1,"self":81.4038016,"total":83.975288999999989,"children":{"InitializeSensors":{"count":1,"self":0.0013269999999999998,"total":0.0013269999999999998,"children":null},"AgentSendState":{"count":4175,"self":0.025608,"total":0.12325499999999999,"children":{"CollectObservations":{"count":2088,"self":0.084527999999999992,"total":0.084527999999999992,"children":null},"CollectDiscreteActionMasks":{"count":2088,"self":0.0019099999999999998,"total":0.0019099999999999998,"children":null},"RequestDecision":{"count":2088,"self":0.011209,"total":0.011209,"children":null}}},"DecideAction":{"count":4175,"self":2.437655,"total":2.437655,"children":null},"AgentAct":{"count":4175,"self":0.008539999999999999,"total":0.008539999999999999,"children":null}},"gauges":{"car.CumulativeReward":{"count":1,"max":7.89450836,"min":7.89450836,"runningAverage":7.89450836,"value":7.89450836,"weightedAverage":7.89450836}},"metadata":{"timer_format_version":"0.1.0","start_time_seconds":"1595450875","unity_version":"2020.1.0b16","command_line_arguments":"\/home\/fraun\/Unity\/Hub\/Editor\/2020.1.0b16\/Editor\/Unity -projectpath \/home\/fraun\/git_repos\/ML_Cars -useHub -hubIPC -cloudEnvironment production -hubSessionId b6db6d50-cc38-11ea-b647-c7af6dbf1e45 -accessToken WJZMOQdOyvQcpi6ASv2RkwnmqrJUkHmwjFzLmT2UDEI005f","communication_protocol_version":"1.0.0","com.unity.ml-agents_version":"1.2.0-preview","scene_name":"ModularTrack","end_time_seconds":"1595450958"}}