{"count":1,"gauges":{"My Behavior.CumulativeReward":{"count":2,"max":17.7949028,"min":17.7901154,"value":17.7949028,"weightedAverage":17.7913132}},"self":111.3849472,"total":119.5293138,"children":{"AgentSendState":{"count":5881,"self":0.255248,"total":0.6736982,"children":{"CollectObservations":{"count":5881,"self":0.4184502,"total":0.4184502,"children":null}}},"DecideAction":{"count":5881,"self":7.4046119999999993,"total":7.4046116999999994,"children":null},"AgentAct":{"count":5881,"self":0.0660555,"total":0.0660555,"children":null}}}