{"count":1,"gauges":{"My Behavior.CumulativeReward":{"count":2533,"max":2,"min":-22.23039,"value":-0.22999917,"weightedAverage":-0.4870792}},"self":352.5772032,"total":808.090704,"children":{"AgentSendState":{"count":128767,"self":33.976832,"total":118.8646041,"children":{"CollectObservations":{"count":1416470,"self":45.8345152,"total":45.8345158,"children":null},"AgentInfo.ToProto":{"count":1416470,"self":20.6294272,"total":39.0532579,"children":{"GenerateSensorData":{"count":1416470,"self":18.4238304,"total":18.423831,"children":null}}}}},"DecideAction":{"count":128767,"self":332.9833728,"total":332.98336869999997,"children":null},"AgentAct":{"count":128767,"self":3.5704312,"total":3.5704312,"children":null},"AgentInfo.ToProto":{"count":2533,"self":0.055061399999999996,"total":0.095105,"children":{"GenerateSensorData":{"count":2533,"self":0.0400436,"total":0.0400436,"children":null}}}}}