{"count":1,"gauges":{"My Behavior.CumulativeReward":{"count":1191,"max":20,"min":-0.5,"value":0.5,"weightedAverage":3.927519}},"self":68.2877184,"total":154.95145639999998,"children":{"AgentSendState":{"count":33717,"self":6.3374039999999994,"total":20.009351499999998,"children":{"CollectObservations":{"count":256272,"self":6.337326,"total":6.3373260999999994,"children":null},"AgentInfo.ToProto":{"count":256272,"self":3.9785876,"total":7.3346212,"children":{"GenerateSensorData":{"count":256272,"self":3.3560336,"total":3.3560334999999997,"children":null}}}}},"DecideAction":{"count":33717,"self":65.8566144,"total":65.8566153,"children":null},"AgentAct":{"count":33717,"self":0.75273099999999993,"total":0.75273099999999993,"children":null},"AgentInfo.ToProto":{"count":1191,"self":0.029025099999999998,"total":0.0440387,"children":{"GenerateSensorData":{"count":1191,"self":0.015013599999999998,"total":0.015013599999999998,"children":null}}}}}